architecture,model,perfect_f1,raw_misspelled_f1,llm_corrected_f1,raw_degradation,remaining_degradation,recovery_percentage,status
format_b,qwen,0.9473684210526316,0.0,0.8333333333333333,0.9473684210526316,0.11403508771929838,87.96296296296295,Partial
graphrag,qwen,1.0,0.0,0.8750000000000001,1.0,0.12499999999999989,87.50000000000001,Partial
