accuracy,accuracy_percent,f1_score,precision,sensitivity,specificity,tp,tn,fp,fn,prediction_distribution,elapsed_time,throughput
0.6321209016393443,63.212090163934434,0.5343362946631217,0.7277866101395514,0.42213114754098363,0.8421106557377049,4120,8219,1541,5640,"{'NO': 13857, 'YES': 5661, 'UNKNOWN': 2}",488.3575134277344,39.970717073627064
