accuracy,accuracy_percent,f1_score,precision,sensitivity,specificity,tp,tn,fp,fn,prediction_distribution,elapsed_time,throughput
0.8670081967213115,86.70081967213115,0.8582505187288414,0.9187514613046528,0.8052254098360656,0.9287909836065574,7859,9065,695,1901,"{'NO': 10966, 'YES': 8554}",7603.628520965576,2.567195378650768
