accuracy,accuracy_percent,f1_score,precision,sensitivity,specificity,tp,tn,fp,fn,prediction_distribution,elapsed_time,throughput
0.8453893442622951,84.5389344262295,0.8190213480450947,0.9874204742625795,0.6996926229508197,0.9910860655737705,6829,9673,87,2931,"{'NO': 12604, 'YES': 6916}",7816.437323093414,2.4973014166350165
