accuracy,accuracy_percent,f1_score,precision,sensitivity,specificity,tp,tn,fp,fn,prediction_distribution,elapsed_time,throughput
0.6289959016393443,62.89959016393443,0.4942737430167597,0.7760964912280702,0.36260245901639343,0.8953893442622951,3539,8739,1021,6221,"{'NO': 14960, 'YES': 4560}",432.2371337413788,45.160395709266936
