accuracy,accuracy_percent,f1_score,precision,sensitivity,specificity,tp,tn,fp,fn,prediction_distribution,elapsed_time,throughput
0.9996413934426229,99.96413934426229,0.9996414485478666,0.9994878623373963,0.9997950819672131,0.9994877049180327,9758,9755,5,2,"{'YES': 9763, 'NO': 9757}",7281.274356842041,2.6808494012668973
