accuracy,accuracy_percent,f1_score,precision,sensitivity,specificity,tp,tn,fp,fn,prediction_distribution,elapsed_time,throughput
0.9586065573770491,95.86065573770492,0.9602088052792278,0.9244263227764081,0.9988729508196721,0.9183401639344262,9749,8963,797,11,"{'YES': 10546, 'NO': 8974}",3822.521411895752,5.106577019883637
