accuracy,accuracy_percent,f1_score,precision,sensitivity,specificity,tp,tn,fp,fn,prediction_distribution,elapsed_time,throughput
0.9654200819672131,96.54200819672131,0.9665493830219536,0.9359823399558499,0.9991803278688525,0.9316598360655738,9752,9093,667,8,"{'YES': 10419, 'NO': 9101}",6558.727206707001,2.97618720596257
