{
  "architecture": "pure_llm_llama3",
  "dataset": "reverse_queries_binary.csv",
  "total_queries": 1200,
  "test_size": 1200,
  "correct": 647,
  "unknown_count": 2,
  "accuracy": 0.5391666666666667,
  "precision": 0.5545243619489559,
  "recall": 0.3983333333333333,
  "specificity": 0.68,
  "f1_score": 0.463627546071775,
  "true_positives": 239,
  "true_negatives": 408,
  "false_positives": 192,
  "false_negatives": 361,
  "elapsed_time_s": 28.05087161064148,
  "queries_per_sec": 42.779419358390406,
  "timestamp": "2025-10-20 17:02:19"
}