{
  "architecture": "format_a_llama3",
  "dataset": "reverse_queries_binary.csv",
  "total_queries": 1200,
  "test_size": 1200,
  "correct": 881,
  "unknown_count": 0,
  "accuracy": 0.7341666666666666,
  "precision": 0.9517684887459807,
  "recall": 0.49333333333333335,
  "specificity": 0.975,
  "f1_score": 0.6498353457738748,
  "true_positives": 296,
  "true_negatives": 585,
  "false_positives": 15,
  "false_negatives": 304,
  "elapsed_time_s": 532.1151652336121,
  "queries_per_sec": 2.2551509116887685,
  "timestamp": "2025-10-20 17:11:23"
}