{
  "architecture": "pure_llm_qwen",
  "dataset": "reverse_queries_binary.csv",
  "total_queries": 1200,
  "test_size": 1200,
  "correct": 684,
  "unknown_count": 0,
  "accuracy": 0.57,
  "precision": 0.6129032258064516,
  "recall": 0.38,
  "specificity": 0.76,
  "f1_score": 0.46913580246913583,
  "true_positives": 228,
  "true_negatives": 456,
  "false_positives": 144,
  "false_negatives": 372,
  "elapsed_time_s": 27.94318914413452,
  "queries_per_sec": 42.944275036405024,
  "timestamp": "2025-10-20 15:52:44"
}