{
  "architecture": "format_a_qwen",
  "dataset": "reverse_queries_binary.csv",
  "total_queries": 1200,
  "test_size": 1200,
  "correct": 846,
  "unknown_count": 0,
  "accuracy": 0.705,
  "precision": 0.7685589519650655,
  "recall": 0.5866666666666667,
  "specificity": 0.8233333333333334,
  "f1_score": 0.665406427221172,
  "true_positives": 352,
  "true_negatives": 494,
  "false_positives": 106,
  "false_negatives": 248,
  "elapsed_time_s": 549.6456139087677,
  "queries_per_sec": 2.1832249173540763,
  "timestamp": "2025-10-20 16:02:04"
}