{
  "architecture": "enhanced_format_b_qwen",
  "dataset": "reverse_queries_binary.csv",
  "total_queries": 1200,
  "test_size": 1200,
  "correct": 996,
  "unknown_count": 0,
  "accuracy": 0.83,
  "precision": 0.8473684210526315,
  "recall": 0.805,
  "specificity": 0.855,
  "f1_score": 0.8256410256410257,
  "true_positives": 483,
  "true_negatives": 513,
  "false_positives": 87,
  "false_negatives": 117,
  "elapsed_time_s": 254.62034559249878,
  "queries_per_sec": 4.712899109486373,
  "timestamp": "2025-10-20 16:16:52"
}