{
  "architecture": "enhanced_format_b_llama3",
  "dataset": "reverse_queries_binary.csv",
  "total_queries": 1200,
  "test_size": 1200,
  "correct": 967,
  "unknown_count": 0,
  "accuracy": 0.8058333333333333,
  "precision": 0.8863157894736842,
  "recall": 0.7016666666666667,
  "specificity": 0.91,
  "f1_score": 0.7832558139534883,
  "true_positives": 421,
  "true_negatives": 546,
  "false_positives": 54,
  "false_negatives": 179,
  "elapsed_time_s": 293.36675477027893,
  "queries_per_sec": 4.090443039258695,
  "timestamp": "2025-10-20 17:31:28"
}