{
  "architecture": "format_b_qwen",
  "dataset": "reverse_queries_binary.csv",
  "total_queries": 1200,
  "test_size": 1200,
  "correct": 1043,
  "unknown_count": 0,
  "accuracy": 0.8691666666666666,
  "precision": 0.85553772070626,
  "recall": 0.8883333333333333,
  "specificity": 0.85,
  "f1_score": 0.8716271463614064,
  "true_positives": 533,
  "true_negatives": 510,
  "false_positives": 90,
  "false_negatives": 67,
  "elapsed_time_s": 260.18336057662964,
  "queries_per_sec": 4.612131987766274,
  "timestamp": "2025-10-20 16:06:47"
}